{"nb_epochs": 100, "batch_size": 128, "margin": 0.1, "random_state": 42, "cuda": true, "train_mean": [85.25721580967183, 0.4636473907443763, 0.7560594033666882], "train_std": [32.99957388047363, 0.34328189699593514, 0.6817794126591695], "early_stop": 10, "timestamp": 1626086429.6198478}