{"nb_epochs": 100, "batch_size": 128, "margin": 0.1, "random_state": 42, "cuda": true, "train_mean": [132.6081099072206, 0.314092211563425, 0.47762728884366223], "train_std": [47.25340699885552, 0.30691663393304985, 0.8493695805001981], "early_stop": 10, "timestamp": 1689359016.3852549}